SNP,A1,A2,EAF,beta,se,p,n,units,discovery_gwas
rs909757,T,C,0.63,-0.0197,0.003282786,1.96E-09,697828,per category,UKB_23andMe
rs61773390,T,G,0.1931,-0.0659,0.004686722,6.55E-45,697828,per category,UKB_23andMe
rs12065331,T,C,0.3125,0.0244,0.003461975,1.82E-12,697828,per category,UKB_23andMe
rs17448682,T,C,0.2339,-0.0348,0.004058782,9.97E-18,697828,per category,UKB_23andMe
rs10917513,T,C,0.6476,0.0309,0.003739109,1.41E-16,697828,per category,UKB_23andMe
rs10916892,T,C,0.6203,0.0345,0.003694977,9.90E-21,697828,per category,UKB_23andMe
rs2506089,T,G,0.5682,-0.0198,0.003403231,5.95E-09,697828,per category,UKB_23andMe
rs12140153,T,G,0.0892,0.0604,0.006492529,1.36E-20,697828,per category,UKB_23andMe
rs11208844,A,G,0.1408,0.029,0.004741661,9.61E-10,697828,per category,UKB_23andMe
rs12040629,A,G,0.16,-0.0727,0.004924807,2.57E-49,697828,per category,UKB_23andMe
rs11588913,A,G,0.4037,0.0236,0.003575758,4.11E-11,697828,per category,UKB_23andMe
rs5016898,T,C,0.4238,0.0241,0.003694053,6.83E-11,697828,per category,UKB_23andMe
rs72720396,A,G,0.7741,0.0416,0.004202869,4.26E-23,697828,per category,UKB_23andMe
rs481214,A,T,0.6063,-0.0232,0.003947592,4.17E-09,697828,per category,UKB_23andMe
rs11165655,A,G,0.5281,0.0281,0.003707613,3.48E-14,697828,per category,UKB_23andMe
rs17575798,A,G,0.1918,0.0336,0.004233338,2.08E-15,697828,per category,UKB_23andMe
rs6690292,T,C,0.7285,0.0247,0.004165261,3.04E-09,697828,per category,UKB_23andMe
rs11102807,A,G,0.5361,0.0219,0.003623428,1.50E-09,697828,per category,UKB_23andMe
rs9436119,A,G,0.3842,-0.0395,0.003313758,9.31E-33,697828,per category,UKB_23andMe
rs6665637,A,G,0.2804,0.0196,0.003106673,2.80E-10,697828,per category,UKB_23andMe
rs115073088,A,G,0.975,0.0755,0.010399449,3.88E-13,697828,per category,UKB_23andMe
rs975025,T,C,0.0758,0.049,0.006243629,4.21E-15,697828,per category,UKB_23andMe
rs1144566,T,C,0.029,-0.2306,0.010615477,1.24E-104,697828,per category,UKB_23andMe
rs146820337,D,I,0.4751,NA,NA,2.30E-11,248094,per category,23andMe
rs1221502,A,C,0.7386,-0.0197,0.003310368,2.67E-09,697828,per category,UKB_23andMe
rs4657983,A,G,0.6511,0.0252,0.003697726,9.45E-12,697828,per category,UKB_23andMe
rs6429233,A,G,0.4574,-0.0202,0.003381885,2.33E-09,697828,per category,UKB_23andMe
rs13011556,C,G,0.7624,0.0285,0.003662768,7.21E-15,697828,per category,UKB_23andMe
rs62124718,A,G,0.895,0.0447,0.005830942,1.78E-14,697828,per category,UKB_23andMe
rs72796401,A,T,0.1903,-0.0246,0.003266498,5.02E-14,697828,per category,UKB_23andMe
rs6718511,A,G,0.557,-0.0209,0.003482753,1.96E-09,697828,per category,UKB_23andMe
rs11678584,A,T,0.8599,0.0278,0.004512255,7.24E-10,697828,per category,UKB_23andMe
rs848552,C,G,0.4755,0.0282,0.003570976,2.86E-15,697828,per category,UKB_23andMe
rs7602499,T,C,0.3536,-0.0223,0.003860803,7.63E-09,697828,per category,UKB_23andMe
rs75120545,T,C,0.0319,-0.0862,0.009850303,2.11E-18,697828,per category,UKB_23andMe
rs6544906,A,C,0.5616,-0.0233,0.003587927,8.38E-11,697828,per category,UKB_23andMe
rs17396357,T,C,0.3818,-0.0211,0.003601912,4.68E-09,697828,per category,UKB_23andMe
rs12470914,A,T,0.1005,-0.053,0.005981941,8.00E-19,697828,per category,UKB_23andMe
rs4672458,T,C,0.4764,0.0224,0.003344781,2.13E-11,697828,per category,UKB_23andMe
rs13414393,T,C,0.5405,0.0219,0.003594879,1.12E-09,697828,per category,UKB_23andMe
rs10175975,T,C,0.1853,-0.0252,0.003946132,1.70E-10,697828,per category,UKB_23andMe
rs359248,T,G,0.4564,0.0275,0.003196188,7.69E-18,697828,per category,UKB_23andMe
rs812925,C,G,0.6458,0.0306,0.003495545,2.06E-18,697828,per category,UKB_23andMe
rs113851554,T,G,0.0567,0.054,0.006987578,1.09E-14,697828,per category,UKB_23andMe
rs2706762,T,C,0.1496,0.037,0.004661124,2.05E-15,697828,per category,UKB_23andMe
rs12464387,A,G,0.4638,0.0214,0.003347411,1.62E-10,697828,per category,UKB_23andMe
rs6727752,A,G,0.3569,-0.0256,0.003851362,2.99E-11,697828,per category,UKB_23andMe
rs10520176,T,C,0.4926,-0.0377,0.003554592,2.80E-26,697828,per category,UKB_23andMe
rs11681299,T,C,0.2835,-0.0237,0.00388652,1.08E-09,697828,per category,UKB_23andMe
rs34509802,A,G,0.1785,-0.0396,0.00532831,1.07E-13,697828,per category,UKB_23andMe
rs76064513,T,C,0.1342,-0.0338,0.005824573,6.53E-09,697828,per category,UKB_23andMe
rs77248969,A,G,0.1116,0.0333,0.005430528,8.69E-10,697828,per category,UKB_23andMe
rs28380327,A,T,0.6317,-0.04,0.00369515,2.61E-27,697828,per category,UKB_23andMe
rs2166559,T,C,0.8611,0.0329,0.005198294,2.47E-10,697828,per category,UKB_23andMe
rs747003,T,C,0.6088,-0.0196,0.003366541,5.83E-09,697828,per category,UKB_23andMe
rs13004345,T,C,0.6475,0.0189,0.003014354,3.62E-10,697828,per category,UKB_23andMe
rs6433478,T,C,0.4601,0.0253,0.003558368,1.16E-12,697828,per category,UKB_23andMe
rs4666682,A,G,0.1797,0.0254,0.004108703,6.34E-10,697828,per category,UKB_23andMe
rs11677484,T,G,0.2574,-0.0229,0.003591593,1.82E-10,697828,per category,UKB_23andMe
rs1064213,A,G,0.4826,-0.0444,0.003649815,4.78E-34,697828,per category,UKB_23andMe
rs184033703,A,G,0.0585,-0.0577,0.007434609,8.41E-15,697828,per category,UKB_23andMe
rs80271258,T,C,0.0844,0.0894,0.006196714,3.52E-47,697828,per category,UKB_23andMe
rs62182135,A,C,0.3285,0.0242,0.003246144,8.97E-14,697828,per category,UKB_23andMe
rs35346733,A,G,0.1942,0.0316,0.004831804,6.14E-11,697828,per category,UKB_23andMe
rs111261826,A,C,0.679,0.028,0.004042738,4.32E-12,697828,per category,UKB_23andMe
rs149611468,T,C,0.9888,-0.1432,0.017514677,2.94E-16,697828,per category,UKB_23andMe
rs6794796,A,G,0.2897,-0.0253,0.003834495,4.16E-11,697828,per category,UKB_23andMe
rs9817910,A,G,0.5576,0.0216,0.003230631,2.30E-11,697828,per category,UKB_23andMe
rs73050286,T,C,0.7817,-0.0297,0.004278306,3.88E-12,697828,per category,UKB_23andMe
rs2362775,T,C,0.5342,0.0218,0.003576115,1.09E-09,697828,per category,UKB_23andMe
rs114848860,A,T,0.9737,0.0768,0.009877814,7.56E-15,697828,per category,UKB_23andMe
rs78580841,T,C,0.0694,-0.0424,0.006105991,3.81E-12,697828,per category,UKB_23andMe
rs12636669,T,C,0.0801,-0.057,0.006106052,1.01E-20,697828,per category,UKB_23andMe
rs17007397,C,G,0.5801,-0.0231,0.004036345,1.05E-08,697828,per category,UKB_23andMe
rs7626335,A,C,0.3305,0.0286,0.003964513,5.44E-13,697828,per category,UKB_23andMe
rs7429614,T,G,0.416,-0.0349,0.003703311,4.36E-21,697828,per category,UKB_23andMe
rs112201801,T,C,0.9291,0.0852,0.0126,1.20E-11,248094,per category,UKB_23andMe
rs12631477,T,C,0.7982,-0.0277,0.004463422,5.42E-10,697828,per category,UKB_23andMe
rs1449403,A,G,0.1226,-0.0424,0.00562558,4.81E-14,697828,per category,UKB_23andMe
rs34967119,A,G,0.4958,-0.02,0.00333667,2.04E-09,697828,per category,UKB_23andMe
rs1398346,T,C,0.8668,-0.0259,0.004512981,9.51E-09,697828,per category,UKB_23andMe
rs1800828,C,G,0.7508,-0.0257,0.004370005,4.09E-09,697828,per category,UKB_23andMe
rs72950188,T,C,0.9238,-0.0447,0.006675627,2.14E-11,697828,per category,UKB_23andMe
rs72966564,T,C,0.2507,0.0234,0.003860749,1.36E-09,697828,per category,UKB_23andMe
rs13065394,T,G,0.286,0.0274,0.003961828,4.64E-12,697828,per category,UKB_23andMe
rs4550782,T,G,0.6655,-0.0282,0.003896642,4.60E-13,697828,per category,UKB_23andMe
rs7649164,T,G,0.5745,-0.0211,0.003466404,1.15E-09,697828,per category,UKB_23andMe
rs6440833,A,G,0.4638,-0.021,0.003270009,1.35E-10,697828,per category,UKB_23andMe
rs111867612,A,C,0.1021,0.032,0.005572001,9.30E-09,697828,per category,UKB_23andMe
rs1599374,A,G,0.5163,-0.0309,0.003738205,1.38E-16,697828,per category,UKB_23andMe
rs3850174,A,T,0.2575,0.0346,0.004180764,1.28E-16,697828,per category,UKB_23andMe
rs301218,A,G,0.3916,0.0237,0.003526786,1.81E-11,697828,per category,UKB_23andMe
rs9836621,T,C,0.5217,0.0279,0.003616801,1.22E-14,697828,per category,UKB_23andMe
rs1468945,A,G,0.7852,0.0363,0.004279651,2.21E-17,697828,per category,UKB_23andMe
rs3796618,A,T,0.5293,0.0229,0.003809682,1.85E-09,697828,per category,UKB_23andMe
rs4690085,A,G,0.5348,0.0193,0.003282313,4.10E-09,697828,per category,UKB_23andMe
rs4698678,C,G,0.2786,-0.0307,0.004323944,1.24E-12,697828,per category,UKB_23andMe
rs1502249,A,G,0.5223,-0.0173,0.002969447,5.67E-09,697828,per category,UKB_23andMe
rs6838677,A,C,0.6689,0.0213,0.003654143,5.58E-09,697828,per category,UKB_23andMe
rs4860734,A,G,0.2897,-0.0195,0.003344768,5.55E-09,697828,per category,UKB_23andMe
rs6816922,A,C,0.5377,0.02,0.0034825,9.30E-09,697828,per category,UKB_23andMe
rs6846730,T,C,0.2353,0.0323,0.004044578,1.39E-15,697828,per category,UKB_23andMe
rs2850979,T,C,0.7603,0.0234,0.003771152,5.45E-10,697828,per category,UKB_23andMe
rs10610420,D,I,0.7138,NA,NA,2.09E-09,248094,per category,23andMe
rs7700110,A,G,0.2566,-0.0242,0.003926659,7.16E-10,697828,per category,UKB_23andMe
rs17455138,T,C,0.7655,-0.0307,0.004533373,1.27E-11,697828,per category,UKB_23andMe
rs9991917,A,T,0.19,-0.0453,0.0076,2.16E-09,248094,per category,23andMe
rs4241964,T,G,0.5217,0.0287,0.003404508,3.45E-17,697828,per category,UKB_23andMe
rs938836,A,G,0.467,0.0212,0.003311465,1.53E-10,697828,per category,UKB_23andMe
rs72729847,T,C,0.8005,0.0303,0.00450156,1.69E-11,697828,per category,UKB_23andMe
rs9997394,A,G,0.2866,0.0254,0.003971232,1.60E-10,697828,per category,UKB_23andMe
rs10058356,T,C,0.6958,0.0207,0.003293556,3.28E-10,697828,per category,UKB_23andMe
rs67169439,D,I,0.6014,NA,NA,7.45E-09,248094,per category,23andMe
rs7701529,A,T,0.2393,0.0295,0.004077402,4.67E-13,697828,per category,UKB_23andMe
rs7721608,T,G,0.4648,-0.0204,0.003245823,3.27E-10,697828,per category,UKB_23andMe
rs66507804,T,C,0.799,0.0322,0.004650491,4.38E-12,697828,per category,UKB_23andMe
rs4269995,T,C,0.251,0.0339,0.0035401,1.01E-21,697828,per category,UKB_23andMe
rs77960,A,G,0.3304,-0.0221,0.003246181,9.92E-12,697828,per category,UKB_23andMe
rs1559253,A,G,0.3588,-0.0217,0.003550393,9.82E-10,697828,per category,UKB_23andMe
rs17140201,A,G,0.172,0.0285,0.004745255,1.90E-09,697828,per category,UKB_23andMe
rs13172141,A,T,0.5694,-0.0217,0.003443351,2.94E-10,697828,per category,UKB_23andMe
rs67988891,C,G,0.6821,0.0363,0.003944795,3.50E-20,697828,per category,UKB_23andMe
rs2901796,A,G,0.3983,-0.0246,0.0037922,8.79E-11,697828,per category,UKB_23andMe
rs42210,C,G,0.7124,0.0291,0.004462506,6.97E-11,697828,per category,UKB_23andMe
rs12518401,A,G,0.3844,0.0236,0.003519761,2.01E-11,697828,per category,UKB_23andMe
rs7735794,A,G,0.2241,-0.0344,0.005873314,4.70E-09,449734,per category,UKB_23andMe
rs465670,T,C,0.5404,-0.0241,0.003642684,3.68E-11,697828,per category,UKB_23andMe
rs9394154,C,G,0.436,0.0217,0.003373232,1.25E-10,697828,per category,UKB_23andMe
rs34125199,D,I,0.3497,NA,NA,2.71E-09,248094,per category,23andMe
rs9381812,A,G,0.7051,0.0495,0.003905325,8.15E-37,697828,per category,UKB_23andMe
rs1811899,T,C,0.7895,0.0298,0.004687746,2.06E-10,697828,per category,UKB_23andMe
rs9465253,T,C,0.2801,-0.023,0.003699534,5.07E-10,697828,per category,UKB_23andMe
rs766406,T,G,0.6409,0.0236,0.003651555,1.03E-10,697828,per category,UKB_23andMe
rs486416,A,G,0.6527,0.0201,0.003166352,2.18E-10,697828,per category,UKB_23andMe
rs13203140,T,C,0.6353,0.0252,0.00398545,2.56E-10,697828,per category,UKB_23andMe
rs3923809,A,G,0.6947,0.022,0.003791796,6.55E-09,697828,per category,UKB_23andMe
rs12206814,C,G,0.4869,-0.0254,0.004248913,2.26E-09,697828,per category,UKB_23andMe
rs2396004,A,G,0.4354,-0.0214,0.003443282,5.14E-10,697828,per category,UKB_23andMe
rs3857599,A,C,0.1659,-0.0322,0.005142127,3.81E-10,697828,per category,UKB_23andMe
rs2653349,A,G,0.2073,-0.0659,0.004304376,6.58E-53,697828,per category,UKB_23andMe
rs9476310,T,C,0.5104,-0.0263,0.003501997,5.90E-14,697828,per category,UKB_23andMe
rs1931814,A,G,0.4787,-0.0264,0.003452786,2.08E-14,697828,per category,UKB_23andMe
rs2881955,T,C,0.2788,-0.0271,0.003938953,5.99E-12,697828,per category,UKB_23andMe
rs12195792,A,T,0.2717,-0.034,0.004141796,2.24E-16,697828,per category,UKB_23andMe
rs11154718,T,C,0.43,0.0233,0.003671604,2.20E-10,697828,per category,UKB_23andMe
rs60616179,A,G,0.9443,-0.0509,0.007720309,4.31E-11,697828,per category,UKB_23andMe
rs4535583,T,C,0.6991,-0.0212,0.003674177,7.92E-09,697828,per category,UKB_23andMe
rs9496623,A,G,0.7328,0.0235,0.004025351,5.27E-09,697828,per category,UKB_23andMe
rs2050185,A,G,0.6245,-0.0217,0.003569666,1.21E-09,697828,per category,UKB_23andMe
rs9479402,T,C,0.9883,0.2186,0.017396148,3.26E-36,697828,per category,UKB_23andMe
rs9347926,A,T,0.4407,-0.0264,0.003399871,8.16E-15,697828,per category,UKB_23andMe
rs9348050,T,C,0.4864,-0.0221,0.003233358,8.19E-12,697828,per category,UKB_23andMe
rs4027217,A,C,0.217,0.0258,0.004498692,9.76E-09,697828,per category,UKB_23andMe
rs10237162,T,C,0.7232,-0.0368,0.00400566,4.04E-20,697828,per category,UKB_23andMe
rs10951325,T,C,0.6319,-0.0336,0.003516852,1.24E-21,697828,per category,UKB_23andMe
rs6967481,T,C,0.5011,-0.0321,0.003274174,1.08E-22,697828,per category,UKB_23andMe
rs4236237,A,C,0.5992,0.0242,0.003573538,1.27E-11,697828,per category,UKB_23andMe
rs2944831,A,G,0.2946,-0.025,0.003674309,1.02E-11,697828,per category,UKB_23andMe
rs3807651,A,T,0.4938,-0.0246,0.004079602,1.64E-09,697828,per category,UKB_23andMe
rs10254050,C,G,0.1905,0.0577,0.00491022,7.01E-32,697828,per category,UKB_23andMe
rs4729854,A,T,0.4701,0.0485,0.003689055,1.76E-39,697828,per category,UKB_23andMe
rs2396719,A,G,0.239,-0.0331,0.004431058,8.04E-14,697828,per category,UKB_23andMe
rs17302081,T,C,0.4414,-0.022,0.003641781,1.53E-09,697828,per category,UKB_23andMe
rs6968240,A,C,0.4171,-0.0216,0.003261854,3.54E-11,697828,per category,UKB_23andMe
rs62465218,A,C,0.1456,0.0274,0.00455831,1.84E-09,697828,per category,UKB_23andMe
rs6958557,T,G,0.6067,-0.0261,0.00359059,3.62E-13,697828,per category,UKB_23andMe
rs113161209,A,G,0.077,-0.0442,0.00765103,7.59E-09,697828,per category,UKB_23andMe
rs2072413,T,C,0.2624,0.0208,0.003640182,1.11E-08,697828,per category,UKB_23andMe
rs62479736,T,G,0.2915,-0.0243,0.003709357,5.73E-11,697828,per category,UKB_23andMe
rs35524253,A,G,0.3539,-0.0342,0.003748767,7.30E-20,697828,per category,UKB_23andMe
rs2979139,A,G,0.5048,0.0267,0.00336781,2.24E-15,697828,per category,UKB_23andMe
rs2322605,A,G,0.4684,0.0215,0.00343835,4.03E-10,697828,per category,UKB_23andMe
rs71523448,C,G,0.0788,0.0499,0.006453699,1.06E-14,697828,per category,UKB_23andMe
rs6993892,T,C,0.6162,0.0347,0.00361496,8.04E-22,697828,per category,UKB_23andMe
rs6468316,T,C,0.4708,0.0197,0.003390122,6.22E-09,697828,per category,UKB_23andMe
rs7845620,A,C,0.8344,0.0425,0.004577275,1.62E-20,697828,per category,UKB_23andMe
rs10109566,A,G,0.4849,0.0222,0.003680371,1.62E-09,697828,per category,UKB_23andMe
rs34054660,A,G,0.5747,-0.0249,0.004342518,9.82E-09,697828,per category,UKB_23andMe
rs187028,A,T,0.3146,0.0222,0.003335838,2.83E-11,697828,per category,UKB_23andMe
rs16939162,A,G,0.8304,-0.038,0.004700643,6.26E-16,697828,per category,UKB_23andMe
rs6988733,T,C,0.3491,-0.0229,0.003934032,5.84E-09,697828,per category,UKB_23andMe
rs7006885,A,G,0.2878,-0.0301,0.004208613,8.56E-13,697828,per category,UKB_23andMe
rs3100052,A,G,0.3886,-0.0246,0.003525365,2.99E-12,697828,per category,UKB_23andMe
rs2737245,T,G,0.2748,-0.0335,0.00377848,7.56E-19,697828,per category,UKB_23andMe
rs1871729,A,G,0.6816,0.0232,0.003834077,1.44E-09,697828,per category,UKB_23andMe
rs6477309,T,C,0.6661,-0.0309,0.003762328,2.16E-16,697828,per category,UKB_23andMe
rs2844016,T,C,0.2935,-0.0266,0.004253278,3.99E-10,697828,per category,UKB_23andMe
rs308521,T,C,0.6039,-0.0283,0.003205709,1.06E-18,697828,per category,UKB_23andMe
rs4878734,A,T,0.5114,-0.0218,0.00380786,1.03E-08,697828,per category,UKB_23andMe
rs6560218,T,C,0.5183,0.0224,0.003765972,2.72E-09,697828,per category,UKB_23andMe
rs62553781,T,C,0.0329,0.0689,0.009233449,8.49E-14,697828,per category,UKB_23andMe
rs12378543,T,C,0.3841,0.0233,0.003796643,8.43E-10,697828,per category,UKB_23andMe
rs555784,A,T,0.3803,0.0249,0.003777306,4.33E-11,697828,per category,UKB_23andMe
rs295268,T,C,0.7403,0.0308,0.004595643,2.05E-11,697828,per category,UKB_23andMe
rs3138490,A,T,0.515,-0.0235,0.003636082,1.03E-10,697828,per category,UKB_23andMe
rs10759208,T,C,0.6138,0.0248,0.003793209,6.22E-11,697828,per category,UKB_23andMe
rs11788633,C,G,0.6547,-0.0197,0.003247074,1.30E-09,697828,per category,UKB_23andMe
rs10818834,T,C,0.7297,-0.0302,0.004167817,4.30E-13,697828,per category,UKB_23andMe
rs10988239,T,C,0.5117,0.0213,0.003062985,3.56E-12,697828,per category,UKB_23andMe
rs12380242,T,C,0.5058,0.0206,0.003193798,1.12E-10,697828,per category,UKB_23andMe
rs28458909,T,C,0.1225,0.0702,0.005531479,6.65E-37,684659,per category,UKB_23andMe
rs497338,T,C,0.2881,-0.0271,0.004059925,2.48E-11,697828,per category,UKB_23andMe
rs66617308,T,C,0.6713,-0.0184,0.003207251,9.62E-09,697828,per category,UKB_23andMe
rs9416744,A,C,0.2595,-0.0344,0.003935026,2.29E-18,697828,per category,UKB_23andMe
rs11597421,A,G,0.4973,0.0238,0.004031848,3.57E-09,697828,per category,UKB_23andMe
rs12249410,T,G,0.1077,0.0337,0.005395453,4.22E-10,697828,per category,UKB_23andMe
rs17712705,A,G,0.3265,0.0247,0.003989018,5.94E-10,697828,per category,UKB_23andMe
rs2298117,T,C,0.448,0.0225,0.00365319,7.31E-10,697828,per category,UKB_23andMe
rs10762434,C,G,0.7752,-0.0249,0.004245524,4.50E-09,697828,per category,UKB_23andMe
rs2648721,T,G,0.7039,0.0238,0.00406074,4.60E-09,697828,per category,UKB_23andMe
rs61875203,T,C,0.2773,-0.0259,0.004118302,3.19E-10,697828,per category,UKB_23andMe
rs1163238,A,G,0.3885,0.0237,0.004098928,7.36E-09,697828,per category,UKB_23andMe
rs7900191,T,C,0.4035,0.0187,0.003269231,1.07E-08,697828,per category,UKB_23andMe
rs11200159,A,C,0.6551,0.0234,0.003798085,7.23E-10,697828,per category,UKB_23andMe
rs3808964,T,G,0.6326,-0.02,0.003359651,2.63E-09,697828,per category,UKB_23andMe
rs9664044,T,C,0.2319,0.0268,0.004263443,3.26E-10,697828,per category,UKB_23andMe
rs10830107,A,G,0.7922,-0.0283,0.00460612,8.07E-10,697828,per category,UKB_23andMe
rs76518095,T,C,0.0772,-0.0398,0.006578512,1.45E-09,697828,per category,UKB_23andMe
rs12771973,A,G,0.2475,0.0223,0.003800273,4.41E-09,697828,per category,UKB_23andMe
rs60521023,D,I,0.2965,NA,NA,6.58E-11,248094,per category,23andMe
rs10832648,A,C,0.1989,0.0314,0.004373868,7.03E-13,697828,per category,UKB_23andMe
rs10742179,A,G,0.2627,-0.0352,0.004264082,1.52E-16,697828,per category,UKB_23andMe
rs4923541,T,C,0.5104,-0.0247,0.003807028,8.69E-11,697828,per category,UKB_23andMe
rs621421,T,C,0.6256,0.0273,0.003409091,1.17E-15,697828,per category,UKB_23andMe
rs11032362,A,G,0.0937,-0.0704,0.006162465,3.17E-30,697828,per category,UKB_23andMe
rs7111582,A,G,0.8956,0.0388,0.004898371,2.36E-15,697828,per category,UKB_23andMe
rs10838687,T,G,0.7918,-0.0345,0.004474708,1.26E-14,697828,per category,UKB_23andMe
rs12808544,A,C,0.2409,0.0348,0.004209508,1.37E-16,697828,per category,UKB_23andMe
rs662094,A,G,0.4944,-0.0282,0.003729665,4.01E-14,697828,per category,UKB_23andMe
rs1278402,A,G,0.736,-0.0281,0.004492406,3.96E-10,697828,per category,UKB_23andMe
rs1508608,A,G,0.3199,-0.028,0.003733831,6.42E-14,697828,per category,UKB_23andMe
rs4121878,C,G,0.5008,-0.0219,0.00362763,1.57E-09,697828,per category,UKB_23andMe
rs17577073,A,C,0.5636,-0.0246,0.003690923,2.64E-11,697828,per category,UKB_23andMe
rs2514214,A,G,0.2691,-0.027,0.004293893,3.22E-10,697828,per category,UKB_23andMe
rs4936290,A,C,0.6584,0.0229,0.003400148,1.64E-11,697828,per category,UKB_23andMe
rs3867239,A,G,0.3762,-0.0262,0.003725295,2.02E-12,697828,per category,UKB_23andMe
rs74357745,A,G,0.8803,-0.0312,0.004756098,5.39E-11,697828,per category,UKB_23andMe
rs7943634,T,C,0.3075,0.0235,0.003655312,1.28E-10,697828,per category,UKB_23andMe
rs3782860,T,C,0.543,-0.025,0.003645909,7.05E-12,697828,per category,UKB_23andMe
rs1799464,A,G,0.2868,0.02,0.00343879,6.01E-09,697828,per category,UKB_23andMe
rs12298405,T,C,0.3301,0.0234,0.003495146,2.16E-11,697828,per category,UKB_23andMe
rs2433634,A,C,0.7241,0.0268,0.00410225,6.44E-11,697828,per category,UKB_23andMe
rs11611435,T,C,0.5561,-0.0278,0.004062546,7.75E-12,697828,per category,UKB_23andMe
rs13377754,T,C,0.6104,-0.0485,0.003484446,4.85E-44,697828,per category,UKB_23andMe
rs1843888,A,G,0.5433,-0.0513,0.003545511,1.89E-47,697828,per category,UKB_23andMe
rs247929,C,G,0.5081,-0.031,0.003525933,1.47E-18,697828,per category,UKB_23andMe
rs7975791,T,C,0.0384,-0.0513,0.008372776,8.94E-10,697828,per category,UKB_23andMe
rs4761989,T,C,0.868,0.0333,0.00516119,1.11E-10,697828,per category,UKB_23andMe
rs7299922,A,G,0.6388,-0.0239,0.003475858,6.17E-12,697828,per category,UKB_23andMe
rs487722,T,G,0.2084,-0.0273,0.004330584,2.91E-10,697828,per category,UKB_23andMe
rs10877962,T,C,0.4083,-0.0359,0.003942889,8.59E-20,697828,per category,UKB_23andMe
rs711098,A,C,0.3979,-0.0217,0.003560295,1.10E-09,697828,per category,UKB_23andMe
rs7959983,T,C,0.5955,0.0299,0.003511863,1.68E-17,697828,per category,UKB_23andMe
rs7304278,A,G,0.2827,0.0291,0.003612663,7.97E-16,697828,per category,UKB_23andMe
rs7298532,T,C,0.7213,-0.027,0.004016064,1.79E-11,697828,per category,UKB_23andMe
rs3955311,T,C,0.1491,-0.026,0.004463519,5.71E-09,697828,per category,UKB_23andMe
rs80097534,T,G,0.0966,0.0357,0.005730337,4.66E-10,697828,per category,UKB_23andMe
rs9597241,A,C,0.8106,-0.0332,0.004252049,5.83E-15,697828,per category,UKB_23andMe
rs12871550,A,G,0.3229,-0.0268,0.003612347,1.18E-13,697828,per category,UKB_23andMe
rs9571526,T,G,0.7706,0.0272,0.004441541,9.15E-10,697828,per category,UKB_23andMe
rs2593487,A,G,0.3361,0.0285,0.003866504,1.70E-13,697828,per category,UKB_23andMe
rs495593,A,G,0.7383,-0.0226,0.003655775,6.32E-10,697828,per category,UKB_23andMe
rs45597035,A,G,0.6469,0.0222,0.003774226,4.06E-09,697828,per category,UKB_23andMe
rs9573980,A,G,0.9659,-0.1265,0.009631491,2.10E-39,697828,per category,UKB_23andMe
rs1886205,A,C,0.7604,-0.0293,0.003725839,3.73E-15,697828,per category,UKB_23andMe
rs9558942,T,C,0.6722,0.0192,0.00334728,9.70E-09,697828,per category,UKB_23andMe
rs3815983,T,C,0.3604,0.0216,0.003298717,5.83E-11,697828,per category,UKB_23andMe
rs1163628,A,C,0.8572,0.0287,0.004638759,6.14E-10,697828,per category,UKB_23andMe
rs61990287,A,C,0.2742,-0.0248,0.004068241,1.09E-09,697828,per category,UKB_23andMe
rs2878172,A,G,0.5693,0.0213,0.003508483,1.27E-09,697828,per category,UKB_23andMe
rs962961,T,C,0.3308,0.0219,0.003168861,4.82E-12,697828,per category,UKB_23andMe
rs6573308,T,C,0.3941,-0.0248,0.004136091,2.02E-09,697828,per category,UKB_23andMe
rs7143933,T,G,0.2615,-0.0246,0.004044722,1.19E-09,697828,per category,UKB_23andMe
rs2978382,T,C,0.5852,-0.0232,0.003813908,1.18E-09,697828,per category,UKB_23andMe
rs4903203,A,G,0.3237,-0.0247,0.003688219,2.13E-11,697828,per category,UKB_23andMe
rs12436039,T,C,0.8801,-0.0332,0.005718223,6.40E-09,697828,per category,UKB_23andMe
rs4550384,T,G,0.758,-0.0237,0.003750593,2.63E-10,697828,per category,UKB_23andMe
rs710284,T,C,0.5797,-0.022,0.003730078,3.67E-09,697828,per category,UKB_23andMe
rs11845599,A,G,0.6353,0.0274,0.003620986,3.83E-14,697828,per category,UKB_23andMe
rs59986227,C,G,0.7493,0.0307,0.00433371,1.40E-12,697828,per category,UKB_23andMe
rs12442008,T,C,0.2593,-0.0285,0.004140035,5.83E-12,697828,per category,UKB_23andMe
rs4775086,A,G,0.2363,0.0267,0.004472362,2.37E-09,697828,per category,UKB_23andMe
rs12442674,A,C,0.7296,-0.0229,0.003787628,1.49E-09,697828,per category,UKB_23andMe
rs1873958,A,G,0.4088,-0.0279,0.003361446,1.04E-16,697828,per category,UKB_23andMe
rs72773411,A,G,0.1529,-0.0293,0.005031771,5.78E-09,697828,per category,UKB_23andMe
rs12445235,C,G,0.4098,0.0211,0.003546218,2.69E-09,697828,per category,UKB_23andMe
rs2304467,C,G,0.6066,0.0237,0.003901235,1.24E-09,697828,per category,UKB_23andMe
rs11641239,T,C,0.2854,-0.0229,0.003729034,8.20E-10,697828,per category,UKB_23andMe
rs7203707,A,C,0.5193,0.0197,0.0030224,7.12E-11,697828,per category,UKB_23andMe
rs4785296,C,G,0.231,-0.0264,0.004156826,2.14E-10,697828,per category,UKB_23andMe
rs3743794,A,G,0.6073,0.0215,0.00353444,1.18E-09,697828,per category,UKB_23andMe
rs12927162,A,G,0.7276,-0.0561,0.004154325,1.48E-41,697828,per category,UKB_23andMe
rs1421085,T,C,0.5935,0.0419,0.003391614,4.65E-35,697828,per category,UKB_23andMe
rs2550298,T,C,0.3811,0.04,0.003620893,2.28E-28,697828,per category,UKB_23andMe
rs8044054,T,C,0.3878,-0.0307,0.003509374,2.18E-18,697828,per category,UKB_23andMe
rs72790386,T,G,0.0338,-0.0604,0.010279101,4.20E-09,697828,per category,UKB_23andMe
rs17604349,A,G,0.1848,0.0374,0.003971541,4.62E-21,697828,per category,UKB_23andMe
rs1061032,T,G,0.094,-0.0644,0.006150907,1.19E-25,697828,per category,UKB_23andMe
rs11545787,A,G,0.2482,0.0498,0.004168062,6.66E-33,697828,per category,UKB_23andMe
rs12950382,A,G,0.7198,-0.0234,0.004087336,1.03E-08,697828,per category,UKB_23andMe
rs4365329,A,T,0.5383,0.0194,0.003328187,5.59E-09,697828,per category,UKB_23andMe
rs2011528,T,C,0.8254,0.0329,0.00472837,3.45E-12,697828,per category,UKB_23andMe
rs3760381,A,G,0.2544,-0.0274,0.004175556,5.33E-11,697828,per category,UKB_23andMe
rs7225002,A,G,0.5916,0.0179,0.003123909,1.00E-08,697828,per category,UKB_23andMe
rs12600452,A,G,0.2015,-0.0255,0.004065041,3.53E-10,697828,per category,UKB_23andMe
rs12051,A,G,0.6119,0.0264,0.003484229,3.54E-14,697828,per category,UKB_23andMe
rs55846845,A,G,0.5177,0.021,0.003045244,5.34E-12,697828,per category,UKB_23andMe
rs72829706,A,G,0.96,-0.0563,0.008348161,1.54E-11,697828,per category,UKB_23andMe
rs8072058,A,T,0.7812,0.0281,0.004657716,1.61E-09,697828,per category,UKB_23andMe
rs412000,C,G,0.555,0.0224,0.003545987,2.67E-10,697828,per category,UKB_23andMe
rs58681483,A,G,0.918,-0.0352,0.005854957,1.83E-09,697828,per category,UKB_23andMe
rs72841368,A,T,0.8104,0.0301,0.004301229,2.60E-12,697828,per category,UKB_23andMe
rs2916148,A,G,0.4522,-0.0279,0.003504585,1.71E-15,697828,per category,UKB_23andMe
rs2580160,A,G,0.5554,-0.0283,0.004086053,4.32E-12,697828,per category,UKB_23andMe
rs62082402,T,G,0.1936,-0.05,0.00537461,1.36E-20,562500,per category,UKB_23andMe
rs1788784,A,G,0.3442,0.0273,0.004157149,5.15E-11,697828,per category,UKB_23andMe
rs1013987,T,C,0.4033,0.0291,0.003850734,4.11E-14,697828,per category,UKB_23andMe
rs4419127,A,G,0.6622,-0.0444,0.003734545,1.35E-32,697828,per category,UKB_23andMe
rs9950528,A,G,0.6505,0.0235,0.003818655,7.57E-10,697828,per category,UKB_23andMe
rs12969848,T,C,0.5313,-0.0355,0.003539029,1.12E-23,697828,per category,UKB_23andMe
rs9956387,A,T,0.4953,0.0198,0.003396809,5.57E-09,697828,per category,UKB_23andMe
rs4800998,A,T,0.1827,-0.0394,0.004984187,2.69E-15,697828,per category,UKB_23andMe
rs9964420,A,C,0.2983,0.0488,0.003644783,6.97E-41,697828,per category,UKB_23andMe
rs11152350,A,C,0.467,0.0281,0.003614613,7.63E-15,697828,per category,UKB_23andMe
rs34329963,T,C,0.113,0.0318,0.005327526,2.39E-09,697828,per category,UKB_23andMe
rs1025601,T,C,0.3855,0.0218,0.003739921,5.57E-09,697828,per category,UKB_23andMe
rs10402849,T,C,0.2002,-0.0259,0.004165326,5.04E-10,697828,per category,UKB_23andMe
rs36055559,A,G,0.166,0.036,0.005009741,6.69E-13,697828,per category,UKB_23andMe
rs7248205,T,C,0.6003,-0.0267,0.003572384,7.78E-14,697828,per category,UKB_23andMe
rs9636202,A,G,0.2662,0.026,0.003749099,4.06E-12,697828,per category,UKB_23andMe
rs73026775,A,G,0.1246,0.0335,0.00570893,4.41E-09,697828,per category,UKB_23andMe
rs4804951,A,G,0.3306,-0.0234,0.003806116,7.83E-10,697828,per category,UKB_23andMe
rs56113850,T,C,0.4231,0.0229,0.003448795,3.15E-11,697828,per category,UKB_23andMe
rs58876439,A,G,0.0674,-0.0474,0.006806433,3.31E-12,697828,per category,UKB_23andMe
rs11670534,T,C,0.1614,0.0305,0.004689422,7.83E-11,697828,per category,UKB_23andMe
rs6131805,T,G,0.4022,-0.0257,0.003642807,1.72E-12,697828,per category,UKB_23andMe
rs6131942,A,G,0.418,0.0263,0.003112058,2.89E-17,697828,per category,UKB_23andMe
rs1474754,A,G,0.2636,0.0214,0.003623434,3.51E-09,697828,per category,UKB_23andMe
rs6047481,A,T,0.6709,-0.0253,0.004083939,5.81E-10,697828,per category,UKB_23andMe
rs1737893,T,C,0.3805,0.0253,0.003728264,1.15E-11,697828,per category,UKB_23andMe
rs2072727,T,C,0.4327,-0.0282,0.003426905,1.89E-16,697828,per category,UKB_23andMe
rs57236847,C,G,0.6029,-0.0269,0.004373273,7.69E-10,697828,per category,UKB_23andMe
rs695459,T,C,0.3906,0.022,0.003679545,2.25E-09,697828,per category,UKB_23andMe
rs28459838,T,C,0.2369,-0.0266,0.004183048,2.03E-10,697828,per category,UKB_23andMe
rs118047999,C,G,0.2459,-0.0236,0.00398245,3.10E-09,697828,per category,UKB_23andMe
rs139911,T,C,0.5722,0.0336,0.003643856,2.94E-20,697828,per category,UKB_23andMe
rs9611597,A,T,0.8371,-0.0374,0.005098146,2.20E-13,697828,per category,UKB_23andMe
rs6007594,A,G,0.2644,0.025,0.00385862,9.26E-11,697828,per category,UKB_23andMe
rs3747463,T,C,0.3609,0.0316,0.0051,5.23E-10,248094,per category,23andMe
rs213462,A,C,0.55,0.0363,0.005,4.06E-13,248094,per category,23andMe
rs7060620,A,T,0.8143,0.0449,0.0063,1.15E-12,248094,per category,23andMe