SNP,A1,A2,EAF,beta,se,p,units,ncase.exposure,ncontrol.exposure,n
rs113851554,T,G,0.0506,0.206200831,0.014,1.56E-51,log odds,397959,933051,1331010
rs62149809,A,G,0.986,0.147557564,0.025,5.71E-09,log odds,397959,933051,1331010
rs1064939,A,T,0.9784,0.130150684,0.02,2.16E-10,log odds,397959,933051,1331010
rs79204944,A,G,0.0449,0.07881118,0.014,4.24E-08,log odds,397959,933051,1331010
rs72899452,T,C,0.0648,0.074179398,0.012,1.00E-09,log odds,397959,933051,1331010
rs55972276,A,C,0.1366,0.073250462,0.009,4.19E-17,log odds,397959,933051,1331010
rs77641763,T,C,0.122,0.071389996,0.009,6.53E-15,log odds,397959,933051,1331010
rs138014720,A,T,0.9406,0.069526063,0.013,3.46E-08,log odds,397959,933051,1331010
rs2286729,A,G,0.0862,0.069526063,0.011,5.37E-11,log odds,397959,933051,1331010
rs118166957,T,C,0.1591,0.067658648,0.008,1.95E-16,log odds,397959,933051,1331010
rs11650304,C,G,0.9308,0.066723632,0.012,1.23E-08,log odds,397959,933051,1331010
rs62158170,A,G,0.7856,0.065787741,0.007,1.20E-19,log odds,397959,933051,1331010
rs62264767,A,C,0.8531,0.064850972,0.008,1.63E-14,log odds,397959,933051,1331010
rs7168238,C,G,0.0743,0.063913326,0.011,1.80E-08,log odds,397959,933051,1331010
rs699844,A,G,0.9195,0.060153923,0.011,4.11E-08,log odds,397959,933051,1331010
rs7566062,T,C,0.2248,0.05921186,0.007,1.37E-16,log odds,397959,933051,1331010
rs28611339,T,G,0.1282,0.058268908,0.009,8.46E-11,log odds,397959,933051,1331010
rs1015438,A,G,0.1882,0.058268908,0.008,2.51E-14,log odds,397959,933051,1331010
rs6465151,T,C,0.1134,0.056380333,0.009,1.90E-09,log odds,397959,933051,1331010
rs2815757,T,C,0.8089,0.055434707,0.008,2.24E-13,log odds,397959,933051,1331010
rs16903122,T,C,0.2487,0.055434707,0.007,9.04E-16,log odds,397959,933051,1331010
rs2792990,C,G,0.8553,0.054488185,0.008,1.15E-10,log odds,397959,933051,1331010
rs62590551,A,G,0.9029,0.054488185,0.01,4.61E-09,log odds,397959,933051,1331010
rs34490907,C,G,0.8878,0.053540767,0.009,1.76E-08,log odds,397959,933051,1331010
rs670501,T,C,0.2133,0.05259245,0.007,7.40E-13,log odds,397959,933051,1331010
rs1927902,T,C,0.2542,0.05259245,0.007,1.15E-14,log odds,397959,933051,1331010
rs1620977,A,G,0.2696,0.051643233,0.007,2.27E-14,log odds,397959,933051,1331010
rs75452188,A,G,0.878,0.051643233,0.009,1.58E-08,log odds,397959,933051,1331010
rs71575448,A,G,0.8602,0.050693114,0.009,3.38E-09,log odds,397959,933051,1331010
rs11756035,C,G,0.1281,0.050693114,0.009,1.29E-08,log odds,397959,933051,1331010
rs62429521,A,C,0.1456,0.050693114,0.008,1.78E-09,log odds,397959,933051,1331010
rs7992992,A,G,0.1286,0.050693114,0.009,1.15E-08,log odds,397959,933051,1331010
rs908668,T,C,0.2081,0.049742092,0.007,1.41E-11,log odds,397959,933051,1331010
rs2491124,T,C,0.5758,0.048790164,0.006,8.81E-16,log odds,397959,933051,1331010
rs35322724,A,C,0.5774,0.048790164,0.006,3.75E-16,log odds,397959,933051,1331010
rs62068188,T,C,0.8339,0.048790164,0.008,1.18E-09,log odds,397959,933051,1331010
rs9931543,T,C,0.7359,0.047837329,0.007,1.11E-12,log odds,397959,933051,1331010
rs3902952,T,C,0.1881,0.047837329,0.008,2.55E-10,log odds,397959,933051,1331010
rs4790076,T,C,0.1742,0.047837329,0.008,1.76E-09,log odds,397959,933051,1331010
rs45453598,A,T,0.169,0.046883586,0.008,4.42E-09,log odds,397959,933051,1331010
rs17223714,A,G,0.7885,0.045928932,0.007,2.44E-10,log odds,397959,933051,1331010
rs9316619,T,C,0.8249,0.045928932,0.008,5.50E-09,log odds,397959,933051,1331010
rs429358,T,C,0.8458,0.045928932,0.008,2.13E-08,log odds,397959,933051,1331010
rs12310246,A,G,0.2489,0.044973366,0.007,4.74E-11,log odds,397959,933051,1331010
rs830716,C,G,0.7133,0.044973366,0.007,8.68E-12,log odds,397959,933051,1331010
rs67501351,C,G,0.7451,0.044973366,0.007,5.36E-11,log odds,397959,933051,1331010
rs34214423,A,C,0.8087,0.044973366,0.008,3.18E-09,log odds,397959,933051,1331010
rs12614369,A,G,0.8158,0.044016885,0.008,7.21E-09,log odds,397959,933051,1331010
rs116466468,T,C,0.7593,0.044016885,0.007,2.11E-10,log odds,397959,933051,1331010
rs2903385,A,G,0.4844,0.043059489,0.006,4.53E-13,log odds,397959,933051,1331010
rs6606731,A,T,0.1923,0.043059489,0.008,1.51E-08,log odds,397959,933051,1331010
rs742760,A,T,0.8155,0.043059489,0.008,2.48E-08,log odds,397959,933051,1331010
rs10800992,T,C,0.4431,0.042101176,0.006,3.84E-12,log odds,397959,933051,1331010
rs55772859,A,C,0.3106,0.042101176,0.006,4.82E-11,log odds,397959,933051,1331010
rs10865954,T,C,0.3344,0.042101176,0.006,1.92E-11,log odds,397959,933051,1331010
rs17005118,A,G,0.264,0.042101176,0.007,6.13E-10,log odds,397959,933051,1331010
rs35539975,A,G,0.7785,0.042101176,0.007,4.49E-09,log odds,397959,933051,1331010
rs12666306,A,G,0.5017,0.042101176,0.006,2.24E-12,log odds,397959,933051,1331010
rs2867690,T,C,0.1819,0.042101176,0.008,3.70E-08,log odds,397959,933051,1331010
rs12030482,A,T,0.2201,0.041141943,0.007,8.16E-09,log odds,397959,933051,1331010
rs17025198,A,G,0.2043,0.041141943,0.007,2.19E-08,log odds,397959,933051,1331010
rs56133505,A,G,0.5369,0.041141943,0.006,5.59E-12,log odds,397959,933051,1331010
rs7486418,T,G,0.657,0.041141943,0.006,6.84E-11,log odds,397959,933051,1331010
rs715338,A,G,0.5776,0.041141943,0.006,7.85E-12,log odds,397959,933051,1331010
rs4643373,T,C,0.7006,0.041141943,0.007,1.58E-10,log odds,397959,933051,1331010
rs56097173,T,C,0.6808,0.04018179,0.006,2.69E-10,log odds,397959,933051,1331010
rs12991815,C,G,0.4241,0.04018179,0.006,3.02E-11,log odds,397959,933051,1331010
rs12187443,T,C,0.6681,0.04018179,0.006,1.64E-10,log odds,397959,933051,1331010
rs9373590,A,T,0.5078,0.04018179,0.006,2.18E-11,log odds,397959,933051,1331010
rs4592425,T,G,0.6965,0.04018179,0.006,4.31E-10,log odds,397959,933051,1331010
rs11149313,A,G,0.7297,0.04018179,0.007,2.38E-09,log odds,397959,933051,1331010
rs6019663,T,C,0.293,0.04018179,0.007,6.47E-10,log odds,397959,933051,1331010
rs62194948,C,G,0.275,0.039220713,0.007,4.64E-09,log odds,397959,933051,1331010
rs6808140,T,C,0.5053,0.039220713,0.006,5.35E-11,log odds,397959,933051,1331010
rs35110063,A,G,0.4266,0.039220713,0.006,8.82E-11,log odds,397959,933051,1331010
rs1147852,A,G,0.3095,0.039220713,0.006,9.94E-10,log odds,397959,933051,1331010
rs324017,A,C,0.294,0.039220713,0.007,1.61E-09,log odds,397959,933051,1331010
rs6562066,T,C,0.3688,0.039220713,0.006,1.38E-10,log odds,397959,933051,1331010
rs1038093,T,C,0.6282,0.039220713,0.006,2.47E-10,log odds,397959,933051,1331010
rs11090039,A,G,0.2871,0.039220713,0.007,1.82E-09,log odds,397959,933051,1331010
rs1861412,A,G,0.4338,0.038258712,0.006,1.67E-10,log odds,397959,933051,1331010
rs6888135,A,C,0.4965,0.038258712,0.006,1.21E-10,log odds,397959,933051,1331010
rs940780,T,C,0.3588,0.038258712,0.006,8.50E-10,log odds,397959,933051,1331010
rs12924275,T,C,0.268,0.038258712,0.007,1.93E-08,log odds,397959,933051,1331010
rs2398144,A,C,0.3947,0.038258712,0.006,5.09E-10,log odds,397959,933051,1331010
rs11679943,A,G,0.3471,0.037295785,0.006,3.16E-09,log odds,397959,933051,1331010
rs6756610,C,G,0.6291,0.037295785,0.006,1.14E-09,log odds,397959,933051,1331010
rs62213452,T,G,0.2788,0.037295785,0.007,2.39E-08,log odds,397959,933051,1331010
rs7040224,A,G,0.3161,0.037295785,0.006,4.24E-09,log odds,397959,933051,1331010
rs72773790,T,C,0.6732,0.037295785,0.006,3.71E-09,log odds,397959,933051,1331010
rs5877,T,C,0.6691,0.036331929,0.006,1.23E-08,log odds,397959,933051,1331010
rs1530938,A,G,0.4423,0.036331929,0.006,8.82E-10,log odds,397959,933051,1331010
rs7625896,A,G,0.6545,0.036331929,0.006,5.28E-09,log odds,397959,933051,1331010
rs1264419,C,G,0.5128,0.036331929,0.006,8.91E-10,log odds,397959,933051,1331010
rs2737240,A,G,0.7076,0.036331929,0.007,3.37E-08,log odds,397959,933051,1331010
rs10756571,T,C,0.6853,0.036331929,0.006,1.80E-08,log odds,397959,933051,1331010
rs2221119,C,G,0.443,0.036331929,0.006,2.00E-09,log odds,397959,933051,1331010
rs9540729,A,T,0.4794,0.036331929,0.006,1.40E-09,log odds,397959,933051,1331010
rs34967082,A,G,0.4136,0.035367144,0.006,4.34E-09,log odds,397959,933051,1331010
rs2216427,C,G,0.6527,0.035367144,0.006,1.60E-08,log odds,397959,933051,1331010
rs6601080,A,G,0.6762,0.035367144,0.006,2.21E-08,log odds,397959,933051,1331010
rs2598293,T,C,0.4763,0.035367144,0.006,2.48E-09,log odds,397959,933051,1331010
rs871994,A,C,0.4352,0.035367144,0.006,5.50E-09,log odds,397959,933051,1331010
rs1167132,T,C,0.3917,0.035367144,0.006,8.73E-09,log odds,397959,933051,1331010
rs176644,T,G,0.4036,0.035367144,0.006,9.49E-09,log odds,397959,933051,1331010
rs12605642,T,G,0.4864,0.035367144,0.006,2.13E-09,log odds,397959,933051,1331010
rs9964420,A,C,0.301,0.035367144,0.007,4.54E-08,log odds,397959,933051,1331010
rs72820274,A,G,0.417,0.034401427,0.006,1.28E-08,log odds,397959,933051,1331010
rs10928256,T,C,0.4192,0.034401427,0.006,1.61E-08,log odds,397959,933051,1331010
rs4260410,T,C,0.332,0.034401427,0.006,4.87E-08,log odds,397959,933051,1331010
rs11722569,T,C,0.6586,0.034401427,0.006,2.91E-08,log odds,397959,933051,1331010
rs13138995,A,G,0.3896,0.034401427,0.006,1.97E-08,log odds,397959,933051,1331010
rs6978112,T,C,0.4105,0.034401427,0.006,2.11E-08,log odds,397959,933051,1331010
rs2030672,C,G,0.5589,0.034401427,0.006,1.10E-08,log odds,397959,933051,1331010
rs874168,T,C,0.5254,0.034401427,0.006,7.95E-09,log odds,397959,933051,1331010
rs10898940,A,C,0.5173,0.034401427,0.006,8.09E-09,log odds,397959,933051,1331010
rs1567084,A,G,0.4981,0.033434776,0.006,2.14E-08,log odds,397959,933051,1331010
rs1580173,A,G,0.5608,0.033434776,0.006,2.28E-08,log odds,397959,933051,1331010
rs1357685,T,C,0.4735,0.033434776,0.006,1.39E-08,log odds,397959,933051,1331010
rs4588900,A,G,0.5164,0.033434776,0.006,1.57E-08,log odds,397959,933051,1331010
rs28552587,A,G,0.5641,0.033434776,0.006,3.30E-08,log odds,397959,933051,1331010
rs10955647,T,G,0.5321,0.033434776,0.006,1.84E-08,log odds,397959,933051,1331010
rs6597649,T,C,0.3994,0.033434776,0.006,3.05E-08,log odds,397959,933051,1331010
rs10825503,T,G,0.4873,0.033434776,0.006,1.43E-08,log odds,397959,933051,1331010
rs667730,T,C,0.5788,0.033434776,0.006,2.26E-08,log odds,397959,933051,1331010
rs647905,T,C,0.5409,0.033434776,0.006,2.87E-08,log odds,397959,933051,1331010
rs10947987,T,C,0.4431,-0.032523192,0.006,4.08E-08,log odds,397959,933051,1331010
rs4858708,A,T,0.5305,-0.033556784,0.006,1.23E-08,log odds,397959,933051,1331010
rs2364921,T,C,0.4691,-0.033556784,0.006,2.13E-08,log odds,397959,933051,1331010
rs238869,T,C,0.6229,-0.033556784,0.006,3.36E-08,log odds,397959,933051,1331010
rs190073,A,G,0.4141,-0.033556784,0.006,2.86E-08,log odds,397959,933051,1331010
rs9563886,T,C,0.6063,-0.033556784,0.006,3.08E-08,log odds,397959,933051,1331010
rs2447094,A,C,0.4687,-0.033556784,0.006,2.50E-08,log odds,397959,933051,1331010
rs1553754,T,G,0.5621,-0.033556784,0.006,3.51E-08,log odds,397959,933051,1331010
rs11588755,A,G,0.522,-0.034591445,0.006,5.14E-09,log odds,397959,933051,1331010
rs11119409,T,C,0.5866,-0.034591445,0.006,1.19E-08,log odds,397959,933051,1331010
rs728017,A,G,0.3864,-0.034591445,0.006,9.51E-09,log odds,397959,933051,1331010
rs1731951,A,T,0.4434,-0.034591445,0.006,1.36E-08,log odds,397959,933051,1331010
rs4788203,A,G,0.4334,-0.034591445,0.006,6.32E-09,log odds,397959,933051,1331010
rs12454003,C,G,0.4821,-0.034591445,0.006,4.94E-09,log odds,397959,933051,1331010
rs910187,A,G,0.373,-0.034591445,0.006,1.63E-08,log odds,397959,933051,1331010
rs34036083,T,C,0.6576,-0.035627178,0.006,2.07E-08,log odds,397959,933051,1331010
rs12520974,T,C,0.4846,-0.035627178,0.006,1.69E-09,log odds,397959,933051,1331010
rs701394,A,G,0.6376,-0.035627178,0.006,6.83E-09,log odds,397959,933051,1331010
rs37445,A,G,0.3905,-0.035627178,0.006,4.88E-09,log odds,397959,933051,1331010
rs17367725,T,C,0.3513,-0.035627178,0.006,9.29E-09,log odds,397959,933051,1331010
rs9469434,C,G,0.2851,-0.035627178,0.007,4.41E-08,log odds,397959,933051,1331010
rs10758593,A,G,0.3989,-0.035627178,0.006,4.90E-09,log odds,397959,933051,1331010
rs7402939,T,C,0.376,-0.035627178,0.006,5.19E-09,log odds,397959,933051,1331010
rs2838787,A,G,0.3924,-0.035627178,0.006,7.65E-09,log odds,397959,933051,1331010
rs6702604,A,G,0.5843,-0.036663984,0.006,1.30E-09,log odds,397959,933051,1331010
rs823247,T,C,0.479,-0.036663984,0.006,5.25E-10,log odds,397959,933051,1331010
rs1519102,C,G,0.6891,-0.036663984,0.006,1.90E-08,log odds,397959,933051,1331010
rs1064213,A,G,0.4789,-0.036663984,0.006,6.41E-10,log odds,397959,933051,1331010
rs7599697,T,C,0.3583,-0.036663984,0.006,5.00E-09,log odds,397959,933051,1331010
rs2388840,A,G,0.5757,-0.036663984,0.006,1.37E-09,log odds,397959,933051,1331010
rs7475916,C,G,0.3533,-0.036663984,0.006,6.70E-09,log odds,397959,933051,1331010
rs4767645,T,G,0.4614,-0.036663984,0.006,6.47E-10,log odds,397959,933051,1331010
rs6510033,A,G,0.7253,-0.036663984,0.007,4.66E-08,log odds,397959,933051,1331010
rs623025,T,C,0.2552,-0.037701867,0.007,3.16E-08,log odds,397959,933051,1331010
rs73163783,T,C,0.7232,-0.037701867,0.007,1.39E-08,log odds,397959,933051,1331010
rs10944696,A,G,0.2978,-0.037701867,0.007,7.99E-09,log odds,397959,933051,1331010
rs6973090,A,G,0.25,-0.037701867,0.007,4.31E-08,log odds,397959,933051,1331010
rs671985,A,G,0.4516,-0.037701867,0.006,2.79E-10,log odds,397959,933051,1331010
rs11001276,A,T,0.74,-0.037701867,0.007,2.52E-08,log odds,397959,933051,1331010
rs214934,A,T,0.3123,-0.037701867,0.006,3.16E-09,log odds,397959,933051,1331010
rs6589988,A,G,0.6757,-0.037701867,0.006,4.70E-09,log odds,397959,933051,1331010
rs8181889,A,G,0.3992,-0.037701867,0.006,8.90E-10,log odds,397959,933051,1331010
rs1536053,T,C,0.3157,-0.037701867,0.006,6.04E-09,log odds,397959,933051,1331010
rs3184470,A,G,0.3507,-0.037701867,0.006,9.73E-10,log odds,397959,933051,1331010
rs8076183,T,C,0.4485,-0.037701867,0.006,2.75E-10,log odds,397959,933051,1331010
rs1937447,C,G,0.7593,-0.038740828,0.007,2.08E-08,log odds,397959,933051,1331010
rs7571486,A,G,0.251,-0.038740828,0.007,1.40E-08,log odds,397959,933051,1331010
rs4502882,T,C,0.6578,-0.038740828,0.006,7.96E-10,log odds,397959,933051,1331010
rs6457796,T,C,0.7313,-0.038740828,0.007,1.12E-08,log odds,397959,933051,1331010
rs4090240,T,C,0.2775,-0.038740828,0.007,8.46E-09,log odds,397959,933051,1331010
rs12251016,A,T,0.6559,-0.038740828,0.006,3.89E-10,log odds,397959,933051,1331010
rs224029,T,C,0.3995,-0.038740828,0.006,2.51E-10,log odds,397959,933051,1331010
rs566673,T,G,0.5351,-0.038740828,0.006,1.18E-10,log odds,397959,933051,1331010
rs10502966,A,G,0.582,-0.038740828,0.006,8.54E-11,log odds,397959,933051,1331010
rs7615602,C,G,0.2715,-0.03978087,0.007,2.59E-09,log odds,397959,933051,1331010
rs521484,A,G,0.7668,-0.03978087,0.007,1.53E-08,log odds,397959,933051,1331010
rs75932578,T,C,0.2159,-0.03978087,0.007,4.15E-08,log odds,397959,933051,1331010
rs12790660,T,C,0.6844,-0.03978087,0.006,4.49E-10,log odds,397959,933051,1331010
rs2389631,A,C,0.6666,-0.03978087,0.006,2.03E-10,log odds,397959,933051,1331010
rs2089358,T,C,0.7038,-0.040821995,0.007,2.75E-10,log odds,397959,933051,1331010
rs1289939,T,C,0.2325,-0.040821995,0.007,6.00E-09,log odds,397959,933051,1331010
rs11803128,A,G,0.6541,-0.040821995,0.006,6.85E-11,log odds,397959,933051,1331010
rs6545798,A,T,0.4104,-0.040821995,0.006,1.19E-11,log odds,397959,933051,1331010
rs4664299,T,C,0.2349,-0.040821995,0.007,4.95E-09,log odds,397959,933051,1331010
rs3774751,T,G,0.4621,-0.040821995,0.006,7.32E-12,log odds,397959,933051,1331010
rs7044885,C,G,0.4417,-0.040821995,0.006,5.67E-12,log odds,397959,933051,1331010
rs6734957,T,G,0.2388,-0.041864204,0.007,1.82E-09,log odds,397959,933051,1331010
rs62301574,C,G,0.7996,-0.041864204,0.007,1.37E-08,log odds,397959,933051,1331010
rs12917449,A,C,0.8061,-0.041864204,0.008,2.97E-08,log odds,397959,933051,1331010
rs9889282,A,C,0.6129,-0.041864204,0.006,4.70E-12,log odds,397959,933051,1331010
rs11126082,C,G,0.4398,-0.042907501,0.006,8.26E-13,log odds,397959,933051,1331010
rs984306,T,C,0.7547,-0.042907501,0.007,7.94E-10,log odds,397959,933051,1331010
rs314281,T,C,0.4531,-0.042907501,0.006,6.03E-13,log odds,397959,933051,1331010
rs10761240,A,G,0.3963,-0.042907501,0.006,2.12E-12,log odds,397959,933051,1331010
rs12912299,T,C,0.4893,-0.042907501,0.006,4.42E-13,log odds,397959,933051,1331010
rs4238755,A,C,0.2638,-0.042907501,0.007,2.30E-10,log odds,397959,933051,1331010
rs60565673,T,G,0.6211,-0.042907501,0.006,1.59E-12,log odds,397959,933051,1331010
rs12983032,A,G,0.3434,-0.042907501,0.006,1.07E-11,log odds,397959,933051,1331010
rs694786,T,C,0.4605,-0.043951888,0.006,1.97E-13,log odds,397959,933051,1331010
rs17083297,A,C,0.1766,-0.043951888,0.008,0.000000016,log odds,397959,933051,1331010
rs3131638,A,G,0.2261,-0.043951888,0.007,7.88E-10,log odds,397959,933051,1331010
rs6967168,T,G,0.7544,-0.043951888,0.007,1.39E-10,log odds,397959,933051,1331010
rs524859,A,G,0.3601,-0.043951888,0.006,1.48E-12,log odds,397959,933051,1331010
rs61921611,T,C,0.692,-0.043951888,0.006,7.84E-12,log odds,397959,933051,1331010
rs7214267,A,G,0.581,-0.043951888,0.006,5.09E-13,log odds,397959,933051,1331010
rs61765555,T,C,0.2552,-0.044997366,0.007,4.00E-11,log odds,397959,933051,1331010
rs11605348,A,G,0.3495,-0.044997366,0.006,7.01E-13,log odds,397959,933051,1331010
rs16990210,T,C,0.8478,-0.046043939,0.008,1.97E-08,log odds,397959,933051,1331010
rs12540241,A,T,0.1926,-0.046043939,0.008,1.58E-09,log odds,397959,933051,1331010
rs10947690,A,G,0.7408,-0.047091608,0.007,4.04E-12,log odds,397959,933051,1331010
rs4702,A,G,0.5562,-0.048140375,0.006,6.78E-16,log odds,397959,933051,1331010
rs73079014,T,C,0.126,-0.049190244,0.009,3.65E-08,log odds,397959,933051,1331010
rs8180817,C,G,0.4304,-0.049190244,0.006,1.83E-16,log odds,397959,933051,1331010
rs76145129,T,G,0.1238,-0.050241216,0.009,2.73E-08,log odds,397959,933051,1331010
rs1031654,A,C,0.7996,-0.051293294,0.007,3.88E-12,log odds,397959,933051,1331010
rs152555,A,G,0.8544,-0.05234648,0.008,4.83E-10,log odds,397959,933051,1331010
rs2431108,T,C,0.672,-0.053400777,0.006,7.83E-17,log odds,397959,933051,1331010
rs9394502,T,C,0.3343,-0.054456186,0.006,7.76E-18,log odds,397959,933051,1331010
rs4709655,T,C,0.1191,-0.054456186,0.009,3.09E-09,log odds,397959,933051,1331010
rs28582096,A,G,0.205,-0.054456186,0.007,1.74E-13,log odds,397959,933051,1331010
rs4981170,A,G,0.1943,-0.054456186,0.008,7.33E-13,log odds,397959,933051,1331010
rs72657797,T,C,0.1759,-0.05551271,0.008,1.52E-12,log odds,397959,933051,1331010
rs8180457,T,C,0.1573,-0.05551271,0.008,1.12E-11,log odds,397959,933051,1331010
rs73671843,A,G,0.1257,-0.05551271,0.009,5.49E-10,log odds,397959,933051,1331010
rs17324524,T,C,0.883,-0.057629113,0.009,5.01E-10,log odds,397959,933051,1331010
rs13010288,T,G,0.1326,-0.059750004,0.009,9.26E-12,log odds,397959,933051,1331010
rs62383308,A,G,0.0805,-0.059750004,0.011,3.98E-08,log odds,397959,933051,1331010
rs17643634,T,C,0.165,-0.059750004,0.008,1.34E-13,log odds,397959,933051,1331010
rs66674044,A,T,0.8573,-0.059750004,0.009,2.18E-12,log odds,397959,933051,1331010
rs6119267,C,G,0.6891,-0.059750004,0.006,2.32E-20,log odds,397959,933051,1331010
rs492858,T,C,0.0759,-0.066139803,0.011,3.46E-09,log odds,397959,933051,1331010
rs10947428,T,C,0.7858,-0.068278841,0.007,9.06E-21,log odds,397959,933051,1331010
rs79693059,C,G,0.9158,-0.072570693,0.011,1.61E-11,log odds,397959,933051,1331010
rs9527083,A,G,0.6705,-0.075801713,0.006,1.61E-32,log odds,397959,933051,1331010
rs11838830,A,G,0.9436,-0.080126044,0.013,5.20E-10,log odds,397959,933051,1331010
rs4699157,T,C,0.958,-0.081210055,0.015,3.98E-08,log odds,397959,933051,1331010
rs7432782,T,C,0.9558,-0.083381609,0.014,7.42E-09,log odds,397959,933051,1331010
rs13135092,A,G,0.9175,-0.088831214,0.011,2.53E-16,log odds,397959,933051,1331010
rs17520265,A,G,0.0342,-0.091019398,0.016,2.87E-08,log odds,397959,933051,1331010
rs78206187,A,G,0.9442,-0.094310679,0.013,2.96E-13,log odds,397959,933051,1331010
rs117630493,C,G,0.9726,-0.100925919,0.018,3.61E-08,log odds,397959,933051,1331010
rs138678612,A,G,0.9783,-0.116533816,0.02,1.41E-08,log odds,397959,933051,1331010