SNP,A1,A2,EAF,beta,se,p,units
rs7556815,A,G,0.219,2.443,0.164,1.30E-49,min
rs75539574,C,A,0.086,2.175,0.244,6.90E-19,min
rs12607679,T,C,0.738,1.208,0.156,8.30E-15,min
rs915416,C,G,0.29,1.156,0.15,9.90E-15,min
rs9940646,C,G,0.578,1.017,0.137,1.20E-13,min
rs13109404,T,G,0.928,1.872,0.264,1.40E-12,min
rs8050478,G,A,0.5,0.96,0.136,1.70E-12,min
rs56372231,T,C,0.334,1.017,0.144,2.20E-12,min
rs13088093,G,T,0.336,0.976,0.144,7.00E-12,min
rs2079070,C,G,0.265,1.053,0.154,7.50E-12,min
rs34556183,A,G,0.72,1.015,0.151,2.30E-11,min
rs3095508,C,A,0.594,0.921,0.138,3.10E-11,min
rs34731055,T,C,0.181,1.168,0.177,3.70E-11,min
rs73219758,G,A,0.708,0.984,0.15,5.60E-11,min
rs10973207,T,G,0.158,1.226,0.187,6.00E-11,min
rs2139261,G,C,0.749,1.122,0.174,8.50E-11,min
rs4592416,G,A,0.464,0.881,0.136,9.30E-11,min
rs365663,A,G,0.546,0.878,0.137,1.00E-10,min
rs1517572,C,A,0.581,0.879,0.138,1.50E-10,min
rs7915425,T,C,0.175,1.144,0.179,2.00E-10,min
rs330088,C,T,0.547,0.868,0.137,2.70E-10,min
rs8038326,A,G,0.727,0.955,0.152,2.80E-10,min
rs460692,C,T,0.137,1.263,0.2,3.60E-10,min
rs9382445,T,C,0.623,0.872,0.14,4.80E-10,min
rs4767550,G,A,0.414,0.858,0.139,6.30E-10,min
rs11885663,T,C,0.248,0.973,0.157,8.60E-10,min
rs1991556,G,A,0.774,0.994,0.163,0.000000001,min
rs1057703,G,T,0.147,1.164,0.192,1.10E-09,min
rs4128364,C,T,0.339,0.876,0.143,1.40E-09,min
rs10483350,G,A,0.195,1.042,0.172,1.50E-09,min
rs61796569,T,C,0.27,0.927,0.154,1.50E-09,min
rs7115226,A,C,0.074,1.594,0.261,1.70E-09,min
rs269054,A,T,0.422,0.819,0.138,2.10E-09,min
rs112230981,A,G,0.95,1.892,0.314,2.20E-09,min
rs11602180,C,T,0.837,1.095,0.184,2.30E-09,min
rs2192528,A,G,0.48,0.802,0.136,2.70E-09,min
rs12246842,A,G,0.46,0.804,0.136,3.90E-09,min
rs205024,T,C,0.384,0.83,0.14,3.90E-09,min
rs12567114,A,G,0.276,0.89,0.152,4.30E-09,min
rs7616632,T,G,0.522,0.792,0.136,4.30E-09,min
rs6575005,T,C,0.758,0.934,0.159,4.40E-09,min
rs1776776,T,C,0.874,1.198,0.205,4.90E-09,min
rs11621908,C,T,0.917,1.446,0.25,5.60E-09,min
rs10421649,A,T,0.557,0.798,0.138,6.90E-09,min
rs2072727,T,C,0.436,0.795,0.137,7.90E-09,min
rs113113059,T,C,0.78,0.968,0.164,8.40E-09,min
rs151014368,A,G,0.206,0.966,0.169,9.10E-09,min
rs374153,C,T,0.158,1.057,0.186,9.10E-09,min
rs62120041,T,C,0.934,1.567,0.274,9.60E-09,min
rs7503199,C,T,0.734,0.885,0.154,0.00000001,min
rs17732997,C,G,0.569,0.776,0.137,0.000000012,min
rs1939455,G,T,0.879,1.226,0.214,0.000000012,min
rs7951019,G,T,0.032,2.213,0.391,0.000000012,min
rs17427571,A,G,0.684,0.83,0.146,0.000000013,min
rs61985058,T,C,0.143,1.116,0.194,0.000000013,min
rs7806045,T,C,0.755,0.887,0.158,0.000000014,min
rs35531607,C,T,0.474,0.77,0.136,0.000000015,min
rs7644809,T,C,0.422,0.784,0.138,0.000000016,min
rs9345234,C,A,0.578,0.781,0.138,0.000000018,min
rs12791153,T,A,0.081,1.413,0.253,0.000000019,min
rs1263056,A,G,0.519,0.768,0.137,0.00000002,min
rs55658675,C,T,0.645,0.788,0.142,0.00000002,min
rs11567976,T,C,0.571,0.768,0.137,0.000000021,min
rs180769,T,C,0.425,0.763,0.138,0.000000023,min
rs1553132,G,A,0.258,0.87,0.155,0.000000025,min
rs9903973,C,T,0.467,0.766,0.136,0.000000026,min
rs11614986,A,G,0.821,0.983,0.177,0.000000027,min
rs2231265,G,A,0.772,0.897,0.162,0.000000027,min
rs174560,C,T,0.314,0.815,0.146,0.000000028,min
rs10173260,C,T,0.606,0.77,0.139,0.000000029,min
rs72804080,G,A,0.15,1.068,0.192,0.000000029,min
rs12611523,A,G,0.545,0.758,0.137,0.000000031,min
rs11643715,G,C,0.291,0.834,0.15,0.000000032,min
rs4538155,T,C,0.647,0.779,0.142,0.000000036,min
rs34354917,C,A,0.71,0.825,0.15,0.000000039,min
rs80193650,G,A,0.162,1.01,0.184,0.000000041,min
rs10761674,C,T,0.477,0.74,0.136,0.000000042,min
rs11190970,G,A,0.799,0.923,0.169,0.000000046,min